INSERT INTO `shopping`.`property`(`id`, `cate_id`, `property_name`) VALUES (1, 1, '颜色');
INSERT INTO `shopping`.`property`(`id`, `cate_id`, `property_name`) VALUES (2, 1, '内存');
INSERT INTO `shopping`.`property_option`(`id`, `property_id`, `spu_id`, `option`) VALUES (1, 1, 1, '苹果黑色');
INSERT INTO `shopping`.`property_option`(`id`, `property_id`, `spu_id`, `option`) VALUES (2, 1, 1, '白色');
INSERT INTO `shopping`.`property_option`(`id`, `property_id`, `spu_id`, `option`) VALUES (3, 1, 1, '黄色');
INSERT INTO `shopping`.`property_option`(`id`, `property_id`, `spu_id`, `option`) VALUES (5, 2, 1, '64g');
INSERT INTO `shopping`.`property_option`(`id`, `property_id`, `spu_id`, `option`) VALUES (6, 2, 1, '32g');
INSERT INTO `shopping`.`property_option`(`id`, `property_id`, `spu_id`, `option`) VALUES (7, 2, 1, '128g');
INSERT INTO `shopping`.`property_option`(`id`, `property_id`, `spu_id`, `option`) VALUES (8, 1, 2, '华为黑色');
INSERT INTO `shopping`.`property_option`(`id`, `property_id`, `spu_id`, `option`) VALUES (9, 1, 2, '白色');
INSERT INTO `shopping`.`property_option`(`id`, `property_id`, `spu_id`, `option`) VALUES (10, 1, 2, '蓝色');
INSERT INTO `shopping`.`property_option`(`id`, `property_id`, `spu_id`, `option`) VALUES (11, 2, 2, '64g');
INSERT INTO `shopping`.`property_option`(`id`, `property_id`, `spu_id`, `option`) VALUES (12, 2, 2, '32g');
INSERT INTO `shopping`.`property_option_sku`(`id`, `option_id`, `sku_id`) VALUES (1, 1, 1);
INSERT INTO `shopping`.`property_option_sku`(`id`, `option_id`, `sku_id`) VALUES (2, 7, 1);
INSERT INTO `shopping`.`property_option_sku`(`id`, `option_id`, `sku_id`) VALUES (3, 7, 7);
INSERT INTO `shopping`.`property_option_sku`(`id`, `option_id`, `sku_id`) VALUES (4, 2, 7);
INSERT INTO `shopping`.`property_option_sku`(`id`, `option_id`, `sku_id`) VALUES (5, 3, 10);
INSERT INTO `shopping`.`property_option_sku`(`id`, `option_id`, `sku_id`) VALUES (6, 7, 10);
INSERT INTO `shopping`.`property_option_sku`(`id`, `option_id`, `sku_id`) VALUES (7, 5, 11);
INSERT INTO `shopping`.`property_option_sku`(`id`, `option_id`, `sku_id`) VALUES (8, 1, 2);
INSERT INTO `shopping`.`property_option_sku`(`id`, `option_id`, `sku_id`) VALUES (9, 2, 8);
INSERT INTO `shopping`.`property_option_sku`(`id`, `option_id`, `sku_id`) VALUES (10, 5, 8);
INSERT INTO `shopping`.`property_option_sku`(`id`, `option_id`, `sku_id`) VALUES (11, 5, 2);
INSERT INTO `shopping`.`property_option_sku`(`id`, `option_id`, `sku_id`) VALUES (12, 3, 11);
INSERT INTO `shopping`.`property_option_sku`(`id`, `option_id`, `sku_id`) VALUES (13, 6, 3);
INSERT INTO `shopping`.`property_option_sku`(`id`, `option_id`, `sku_id`) VALUES (14, 1, 3);
INSERT INTO `shopping`.`property_option_sku`(`id`, `option_id`, `sku_id`) VALUES (15, 2, 9);
INSERT INTO `shopping`.`property_option_sku`(`id`, `option_id`, `sku_id`) VALUES (16, 6, 9);
INSERT INTO `shopping`.`property_option_sku`(`id`, `option_id`, `sku_id`) VALUES (17, 3, 12);
INSERT INTO `shopping`.`property_option_sku`(`id`, `option_id`, `sku_id`) VALUES (18, 6, 12);
INSERT INTO `shopping`.`property_option_sku`(`id`, `option_id`, `sku_id`) VALUES (37, 8, 4);
INSERT INTO `shopping`.`property_option_sku`(`id`, `option_id`, `sku_id`) VALUES (38, 8, 5);
INSERT INTO `shopping`.`property_option_sku`(`id`, `option_id`, `sku_id`) VALUES (39, 9, 13);
INSERT INTO `shopping`.`property_option_sku`(`id`, `option_id`, `sku_id`) VALUES (40, 9, 14);
INSERT INTO `shopping`.`property_option_sku`(`id`, `option_id`, `sku_id`) VALUES (41, 10, 16);
INSERT INTO `shopping`.`property_option_sku`(`id`, `option_id`, `sku_id`) VALUES (42, 10, 17);
INSERT INTO `shopping`.`property_option_sku`(`id`, `option_id`, `sku_id`) VALUES (43, 11, 4);
INSERT INTO `shopping`.`property_option_sku`(`id`, `option_id`, `sku_id`) VALUES (44, 11, 13);
INSERT INTO `shopping`.`property_option_sku`(`id`, `option_id`, `sku_id`) VALUES (45, 11, 16);
INSERT INTO `shopping`.`property_option_sku`(`id`, `option_id`, `sku_id`) VALUES (46, 12, 5);
INSERT INTO `shopping`.`property_option_sku`(`id`, `option_id`, `sku_id`) VALUES (47, 12, 14);
INSERT INTO `shopping`.`property_option_sku`(`id`, `option_id`, `sku_id`) VALUES (48, 12, 17);
INSERT INTO `shopping`.`sku`(`id`, `old_price`, `new_price`, `stock`, `cover`, `sales`, `spu_id`, `info`) VALUES (1, 9500.00, 9000.00, 0, '/image/2.jpg', 0, 1, '苹果x 黑色 128g');
INSERT INTO `shopping`.`sku`(`id`, `old_price`, `new_price`, `stock`, `cover`, `sales`, `spu_id`, `info`) VALUES (2, 8500.00, 8500.00, 0, 'http://localhost:3333//image/2.jpg', 11519, 1, '苹果x 黑色 64g');
INSERT INTO `shopping`.`sku`(`id`, `old_price`, `new_price`, `stock`, `cover`, `sales`, `spu_id`, `info`) VALUES (3, 7500.00, 7500.00, 5, '/image/2.jpg', 0, 1, '苹果x 黑色 32g');
INSERT INTO `shopping`.`sku`(`id`, `old_price`, `new_price`, `stock`, `cover`, `sales`, `spu_id`, `info`) VALUES (4, 6500.00, 600.00, 3, '/image/c78c80a4116ee57d (1).jpg', 0, 2, '华为 黑色 64g');
INSERT INTO `shopping`.`sku`(`id`, `old_price`, `new_price`, `stock`, `cover`, `sales`, `spu_id`, `info`) VALUES (5, 5500.00, 500.00, 5, '/image/c78c80a4116ee57d (1).jpg', 0, 2, '华为 黑色 32g');
INSERT INTO `shopping`.`sku`(`id`, `old_price`, `new_price`, `stock`, `cover`, `sales`, `spu_id`, `info`) VALUES (6, 4500.00, 4000.00, 0, '', 0, 2, NULL);
INSERT INTO `shopping`.`sku`(`id`, `old_price`, `new_price`, `stock`, `cover`, `sales`, `spu_id`, `info`) VALUES (7, 9500.00, 9000.00, 5, '/image/3.jpg', 0, 1, '苹果x 白色 128g');
INSERT INTO `shopping`.`sku`(`id`, `old_price`, `new_price`, `stock`, `cover`, `sales`, `spu_id`, `info`) VALUES (8, 8500.00, 8500.00, 4, '/image/3.jpg', 0, 1, '苹果x 白色 64g');
INSERT INTO `shopping`.`sku`(`id`, `old_price`, `new_price`, `stock`, `cover`, `sales`, `spu_id`, `info`) VALUES (9, 7500.00, 7500.00, 2, '/image/3.jpg', 0, 1, '苹果x 白色 32g');
INSERT INTO `shopping`.`sku`(`id`, `old_price`, `new_price`, `stock`, `cover`, `sales`, `spu_id`, `info`) VALUES (10, 9500.00, 9000.00, 1, '/image/4.jpg', 0, 1, '苹果x 黄色 128g');
INSERT INTO `shopping`.`sku`(`id`, `old_price`, `new_price`, `stock`, `cover`, `sales`, `spu_id`, `info`) VALUES (11, 8500.00, 8500.00, 5, '/image/4.jpg', 0, 1, '苹果x 黄色 64g');
INSERT INTO `shopping`.`sku`(`id`, `old_price`, `new_price`, `stock`, `cover`, `sales`, `spu_id`, `info`) VALUES (12, 7500.00, 7500.00, 1, '/image/4.jpg', 0, 1, '苹果x 黄色 32g');
INSERT INTO `shopping`.`sku`(`id`, `old_price`, `new_price`, `stock`, `cover`, `sales`, `spu_id`, `info`) VALUES (13, 6500.00, 600.00, 2, '/image/28ec7dcf934c5bf1.jpg', 0, 2, '华为 白色 64g');
INSERT INTO `shopping`.`sku`(`id`, `old_price`, `new_price`, `stock`, `cover`, `sales`, `spu_id`, `info`) VALUES (14, 5500.00, 500.00, 3, '/image/28ec7dcf934c5bf1.jpg', 0, 2, '华为 白色 32g');
INSERT INTO `shopping`.`sku`(`id`, `old_price`, `new_price`, `stock`, `cover`, `sales`, `spu_id`, `info`) VALUES (15, 4500.00, 4000.00, 0, '', 0, 2, NULL);
INSERT INTO `shopping`.`sku`(`id`, `old_price`, `new_price`, `stock`, `cover`, `sales`, `spu_id`, `info`) VALUES (16, 6500.00, 600.00, 4, '/image/7e096163741c5c91.jpg', 0, 2, '华为 蓝色 64g');
INSERT INTO `shopping`.`sku`(`id`, `old_price`, `new_price`, `stock`, `cover`, `sales`, `spu_id`, `info`) VALUES (17, 5500.00, 500.00, 2, '/image/7e096163741c5c91.jpg', 0, 2, '华为 蓝色 32g');
INSERT INTO `shopping`.`sku`(`id`, `old_price`, `new_price`, `stock`, `cover`, `sales`, `spu_id`, `info`) VALUES (18, 4500.00, 4000.00, 0, '', 0, 2, NULL);
INSERT INTO `shopping`.`specification`(`id`, `specification_name`, `group_id`, `cate_id`, `order`) VALUES (1, '操作系统', 1, 1, 1);
INSERT INTO `shopping`.`specification`(`id`, `specification_name`, `group_id`, `cate_id`, `order`) VALUES (2, '内存', 1, 1, 2);
INSERT INTO `shopping`.`specification`(`id`, `specification_name`, `group_id`, `cate_id`, `order`) VALUES (3, '摄像头', 1, 1, 3);
INSERT INTO `shopping`.`specification`(`id`, `specification_name`, `group_id`, `cate_id`, `order`) VALUES (4, '屏幕尺寸', 1, 1, 4);
INSERT INTO `shopping`.`specification_option`(`id`, `option_name`, `specification_id`) VALUES (1, '安卓系统', 1);
INSERT INTO `shopping`.`specification_option`(`id`, `option_name`, `specification_id`) VALUES (2, 'ios', 1);
INSERT INTO `shopping`.`specification_option`(`id`, `option_name`, `specification_id`) VALUES (3, '塞班', 1);
INSERT INTO `shopping`.`specification_option`(`id`, `option_name`, `specification_id`) VALUES (4, '32g', 2);
INSERT INTO `shopping`.`specification_option`(`id`, `option_name`, `specification_id`) VALUES (5, '64g', 2);
INSERT INTO `shopping`.`specification_option`(`id`, `option_name`, `specification_id`) VALUES (6, '128g', 2);
INSERT INTO `shopping`.`specification_option_sku`(`id`, `option_id`, `sku_id`) VALUES (1, 2, 1);
INSERT INTO `shopping`.`specification_option_sku`(`id`, `option_id`, `sku_id`) VALUES (2, 2, 2);
INSERT INTO `shopping`.`specification_option_sku`(`id`, `option_id`, `sku_id`) VALUES (3, 2, 3);
INSERT INTO `shopping`.`specification_option_sku`(`id`, `option_id`, `sku_id`) VALUES (4, 2, 8);
INSERT INTO `shopping`.`specification_option_sku`(`id`, `option_id`, `sku_id`) VALUES (5, 2, 9);
INSERT INTO `shopping`.`specification_option_sku`(`id`, `option_id`, `sku_id`) VALUES (6, 2, 10);
INSERT INTO `shopping`.`specification_option_sku`(`id`, `option_id`, `sku_id`) VALUES (7, 2, 11);
INSERT INTO `shopping`.`specification_option_sku`(`id`, `option_id`, `sku_id`) VALUES (8, 2, 12);
INSERT INTO `shopping`.`specification_option_sku`(`id`, `option_id`, `sku_id`) VALUES (9, 1, 4);
INSERT INTO `shopping`.`specification_option_sku`(`id`, `option_id`, `sku_id`) VALUES (10, 1, 5);
INSERT INTO `shopping`.`specification_option_sku`(`id`, `option_id`, `sku_id`) VALUES (11, 1, 6);
INSERT INTO `shopping`.`specification_option_sku`(`id`, `option_id`, `sku_id`) VALUES (12, 1, 13);
INSERT INTO `shopping`.`specification_option_sku`(`id`, `option_id`, `sku_id`) VALUES (13, 1, 14);
INSERT INTO `shopping`.`specification_option_sku`(`id`, `option_id`, `sku_id`) VALUES (14, 1, 15);
INSERT INTO `shopping`.`specification_option_sku`(`id`, `option_id`, `sku_id`) VALUES (15, 1, 16);
INSERT INTO `shopping`.`specification_option_sku`(`id`, `option_id`, `sku_id`) VALUES (16, 1, 17);
INSERT INTO `shopping`.`specification_option_sku`(`id`, `option_id`, `sku_id`) VALUES (17, 1, 18);
INSERT INTO `shopping`.`specification_option_sku`(`id`, `option_id`, `sku_id`) VALUES (18, 6, 1);
INSERT INTO `shopping`.`specification_option_sku`(`id`, `option_id`, `sku_id`) VALUES (19, 6, 7);
INSERT INTO `shopping`.`specification_option_sku`(`id`, `option_id`, `sku_id`) VALUES (20, 6, 10);
INSERT INTO `shopping`.`specification_option_sku`(`id`, `option_id`, `sku_id`) VALUES (24, 5, 11);
INSERT INTO `shopping`.`specification_option_sku`(`id`, `option_id`, `sku_id`) VALUES (25, 5, 8);
INSERT INTO `shopping`.`specification_option_sku`(`id`, `option_id`, `sku_id`) VALUES (26, 5, 2);
INSERT INTO `shopping`.`specification_option_sku`(`id`, `option_id`, `sku_id`) VALUES (27, 5, 5);
INSERT INTO `shopping`.`specification_option_sku`(`id`, `option_id`, `sku_id`) VALUES (28, 5, 14);
INSERT INTO `shopping`.`specification_option_sku`(`id`, `option_id`, `sku_id`) VALUES (29, 5, 17);
INSERT INTO `shopping`.`specification_option_sku`(`id`, `option_id`, `sku_id`) VALUES (30, 4, 3);
INSERT INTO `shopping`.`specification_option_sku`(`id`, `option_id`, `sku_id`) VALUES (31, 4, 9);
INSERT INTO `shopping`.`specification_option_sku`(`id`, `option_id`, `sku_id`) VALUES (32, 4, 12);
INSERT INTO `shopping`.`specification_option_sku`(`id`, `option_id`, `sku_id`) VALUES (33, 4, 6);
INSERT INTO `shopping`.`specification_option_sku`(`id`, `option_id`, `sku_id`) VALUES (34, 4, 15);
INSERT INTO `shopping`.`specification_option_sku`(`id`, `option_id`, `sku_id`) VALUES (35, 4, 18);
INSERT INTO `shopping`.`category`(`id`, `parent_id`, `category_name`) VALUES (1, NULL, '手机');
INSERT INTO `shopping`.`category`(`id`, `parent_id`, `category_name`) VALUES (2, NULL, '笔记本电脑');
INSERT INTO `shopping`.`category`(`id`, `parent_id`, `category_name`) VALUES (3, NULL, '男装');
INSERT INTO `shopping`.`category`(`id`, `parent_id`, `category_name`) VALUES (4, NULL, '女装');
INSERT INTO `shopping`.`category`(`id`, `parent_id`, `category_name`) VALUES (5, NULL, '宠物');
INSERT INTO `shopping`.`category`(`id`, `parent_id`, `category_name`) VALUES (6, NULL, '手机');
INSERT INTO `shopping`.`category`(`id`, `parent_id`, `category_name`) VALUES (7, NULL, '笔记本电脑');
INSERT INTO `shopping`.`category`(`id`, `parent_id`, `category_name`) VALUES (8, NULL, '男装');
INSERT INTO `shopping`.`category`(`id`, `parent_id`, `category_name`) VALUES (9, NULL, '女装');
